3eVa5w3URK5duf6eyVDbu9,ROSÉ,artist
1HY2Jd0NmPuamShAr6KMms,Lady Gaga,artist
2YZyLoL8N0Wb9xBt1NhZWg,Kendrick Lamar,artist
6qqNVTkY8uBg9cP3Jd7DAH,Billie Eilish,artist
4tuJ0bMpJh08umKkEXKUI5,Gracie Abrams,artist
1oSPZhvZMIrWW5I41kPkkY,Jimin,artist
4iHNK0tOyZPYnBU7nGAgpQ,Mariah Carey,artist
1iCnM8foFssWlPRLfAbIwo,Gigi Perez,artist
5vV3bFXnN6D6N3Nj4xRvaV,Jin,artist
5lpH0xAS4fVfLkACg9DAuM,Wham!,artist
3l9G1G9MxH6DaRhwLklaf5,Oscar Maydon,artist
74KM79TiuVKeVCqs8QtB0B,Sabrina Carpenter,artist
1Xyo4u8uXC1ZmMpatF05PJ,The Weeknd,artist
4cPHsZM98sKzmV26wlwD2W,Brenda Lee,artist
5j4HeCoUlzhfWtjAfM1acR,Stromae,artist
1mcTU81TzQhprhouKaTkpq,Rauw Alejandro,artist
7GlBOeep6PqTfFi59PTUUN,Chappell Roan,artist
22wbnEMDvgVIAGdFeek6ET,Benson Boone,artist
790FomKkXshlbRYZFtlgla,KAROL G,artist
38EmEgXkgK51MT2tPY0EoC,Bobby Helms,artist
66CXWjxzNUsdJxJ2JdwvnR,Ariana Grande,artist
7Ln80lUS6He07XvHI8qqHH,Arctic Monkeys,artist
77SW9BnxLY8rJ0RciFqkHh,The Neighbourhood,artist
6ltzsmQQbmdoHHbLZ4ZN25,Lord Huron,artist
0du5cEVh5yTK9QJze8zA0C,Bruno Mars,artist
5WUlDfRSoLAfcVSX1WnrxN,Sia,artist
33qOK5uJ8AR2xuQQAhHump,Teddy Swims,artist
49e4v89VmlDcFCMyDv9wQ9,Dean Martin,artist
4gzpq5DPGxSnKTe4SA8HAU,Coldplay,artist
4V8LLVI7PbaPR0K2TGSxFF,"Tyler, The Creator",artist
3y2cIKLjiOlp1Np37WiUdH,Shaboozey,artist
2qoQgPAilErOKCwE2Y8wOG,GloRilla,artist
246dkjvS1zLTtiykXe5h60,Post Malone,artist
46UMQ0cW8ToR8egkBRwAxZ,Cynthia Erivo,artist
4sj6D0zlMOl25nprDJBiU9,Andy Williams,artist
2sSGPbdZJkaSE2AbcGOACx,The Marías,artist
2tIP7SsRs7vjIcLrU85W8J,The Kid LAROI,artist
4oUHIQIBe0LHzYfvXNW4QM,Morgan Wallen,artist
3BmGtnKgCSGYIUhmivXKWX,Kelly Clarkson,artist
2wzMOQwNT6ZvVB4amvhFAH,The Pogues,artist
1GxkXlMwML1oSg5eLPiAz3,Michael Bublé,artist
2RQXRUsr4IW1f3mKyKsy4B,Noah Kahan,artist
7CyeXFnOrfC1N6z4naIpgo,The Ronettes,artist
3PhoLpVuITZKcymswpck5b,Elton John,artist
3bO19AOone0ubCsfDXDtYt,Myles Smith,artist
0wi4yTYlGtEnbGo4ltZTib,Shakin' Stevens,artist
2FXC3k01G6Gw61bmprjgqS,Hozier,artist
7Ez6lTtSMjMf2YSYpukP1I,Dasha,artist
40ZNYROS4zLfyyBSs2PGe2,Zach Bryan,artist
718COspgdWOnwOFpJHRZHS,Luke Combs,artist
5Ppie0uPnbnvGBYRwYmlt0,Megan Moroney,artist
6vWDO969PvNqNYHIOW5v0m,Beyoncé,artist
64KEffDW9EtZ1y2vBYgq8T,Marshmello,artist
4YLtscXsxbVgi031ovDDdh,Chris Stapleton,artist
4sCKpwwEsgReZxjtKFm2A0,Tucker Wetmore,artist
6BRxQ8cD3eqnrVj6WKDok8,Ella Langley,artist
340PS4ZcZ4UCBgyrXzEjcp,Max McNown,artist
6TIYQ3jFPwQSRmorSezPxX,mgk,artist
6tPHARSq45lQ8BSALCfkFC,Lainey Wilson,artist
63wjVVauFUQ4gBw6QXTT5N,Tyler Braden,artist
4j96cMcT8GRi11qbvo1cLQ,Michael Marcagi,artist
3RqBeV12Tt7A8xH3zBDDUF,Kelsea Ballerini,artist
0ChjBYedhZTQnWZWQYg15U,Bryan Martin,artist
3EVsC9ZK7QMDuK4FPcZaEq,Josh Meloy,artist
78YqeIji3mgAS2K1Maca6x,Dylan Scott,artist
6IKlXZEFOvk9itrP1s0knJ,The Red Clay Strays,artist
19k8AgwwTSxeaxkOuCQEJs,Jelly Roll,artist
5QNm7E7RU2m64l6Gliu8Oy,HARDY,artist
1Tie3AZgLQZqYEp8Fv4zOZ,Koe Wetzel,artist
4H4M0Y4cN39zIVDHvdW53x,Dylan Gossett,artist
08GfvCW09pv2QP4y9sle2a,Sam Barber,artist
3win9vGIxFfBRag9S63wwf,Bailey Zimmerman,artist
6y8XlgIV8BLlIg1tT1R10i,Old Dominion,artist
4FGPzWzgjURDNT7JQ8pYgH,Zach Top,artist
13ZEDW6vyBF12HYcZRr4EV,Tyler Childers,artist
77kULmXAQ6vWer7IIHdGzI,Jordan Davis,artist
2QMsj4XJ7ne2hojxt6v5eb,Riley Green,artist
7kplJl06UmldxLKseURAYi,Warren Zeiders,artist
4gvjmrtzydbMpyJaXUtwvP,Addison Rae,artist
25uiPmTg16RbhZWAqwLBy5,Charli xcx,artist
45dkTj5sMRSjrmBSBeiHym,Tate McRae,artist
5L1lO4eRHmJ7a0Q6csE5cT,LISA,artist
2loEsOijJ6XiGzWYFXMIRk,Adam Port,artist
1WaFQSHVGZQJTbf0BdxdNo,Tommy Richman,artist
250b0Wlc5Vk0CoUsaCY84M,JENNIE,artist
4Gso3d4CscCijv0lmajZWs,Don Toliver,artist
7iK8PXO48WeuP03g8YR51W,Myke Towers,artist
3c0gDdb9lhnHGFtP4prQpn,KATSEYE,artist
11p2E654TTU8e0nZWBR4AL,Mark Ambor,artist
5p9HO3XC5P3BLxJs5Mtrhm,Djo,artist
06HL4z0CvFAxyc27GXpf02,Taylor Swift,artist
3E12tRURRvPfHz0hAMCFYc,Omar Courtz,artist
5HK6QtizXJzCmoYTkvFRik,Ndotz,artist
6XyY86QOPPrYVGvF9ch6wz,Linkin Park,artist
0ECwFtbIWEVNwjlrfc6xoL,Eagles,artist
711MCceyCBcFnzjGY4Q7Un,AC/DC,artist
36QJpDe2go2KgaRleHCDTp,Led Zeppelin,artist
4F84IBURUo98rz4r61KF70,The White Stripes,artist
4Z8W4fKeB5YxbusRsdQVPb,Radiohead,artist
6olE6TJLqED3rqDCT0FyPh,Nirvana,artist
0L8ExT028jH3ddEcZwqJJ5,Red Hot Chili Peppers,artist
3qm84nBOXUEQ2vnTfUTTFC,Guns N' Roses,artist
22bE4uQ6baNwSHPVcDxLCe,The Rolling Stones,artist
08GQAI4eElDnROBrJRGE0X,Fleetwood Mac,artist
7Ey4PD4MYsKc5I2dolUwbH,Aerosmith,artist
7jy3rLJdDQY21OgRLCZ9sD,Foo Fighters,artist
2DaxqgrOhkeH0fpeiQq2f4,Oasis,artist
568ZhdwyaiCyOGJRtNYhWf,Deep Purple,artist
3IYUhFvPQItj6xySrBmZkd,Creedence Clearwater Revival,artist
2ye2Wgw4gimLv2eAKyk1NB,Metallica,artist
3ICflSq6ZgYAIrm2CTkfVP,The Animals,artist
1Fmb52lZ6Jv7FMWXXTPO3K,Joan Jett & the Blackhearts,artist
7t0rwkOPGlDPEhaOcVtOt9,The Cranberries,artist
0WwSkZ7LtFUFjGjMZBMt6T,Dire Straits,artist
2AM4ilv6UzW0uMRuqKtDgN,ZZ Top,artist
1dfeR4HaWDbWqFHLkxsg1d,Queen,artist
0rvjqX7ttXeg3mTy8Xscbt,Journey,artist
2hl0xAkS2AIRAu23TVMBG1,Kansas,artist
0k17h0D3J5VfsdmQ1iZtE9,Pink Floyd,artist
58lV9VcRSjABbAbfWS6skp,Bon Jovi,artist
2cnMpRsOVqtPMfq7YiFE6K,Van Halen,artist
6waa8mKu91GjzD4NlONlNJ,The Hollies,artist
4MVyzYMgTwdP7Z49wAZHx0,Lynyrd Skynyrd,artist
4KWTAlx2RvbpseOGMEmROg,R.E.M.,artist
7oPftvlwr6VrsViSDV7fJY,Green Day,artist
5M52tdBnJaKSvOpJGz8mfZ,Black Sabbath,artist
5NGO30tJxFlKixkPSgXcFE,The Police,artist
7lzordPuZEXxwt9aoVZYmG,Billy Idol,artist
0cc6vw3VN8YlIcvr1v7tBL,Mötley Crüe,artist
7crPfGd2k81ekOoSqQKWWz,Stevie Nicks,artist
3jOstUTkEu2JkjvRdBA5Gu,Weezer,artist
4tX2TplrkIP4v05BNC903e,Tom Petty and the Heartbreakers,artist
0oSGxfWSnnOXhD2fKuz2Gy,David Bowie,artist
5a2EaR3hamoenG9rDuVn8j,Prince,artist
4tpUmLEVLCGFr93o8hFFIB,Blondie,artist
22WZ7M8sxp5THdruNY3gXt,The Doors,artist
1w5Kfo2jwwIPruYS2UWh56,Pearl Jam,artist
27T030eWyCQRmDyuvr1kxY,Scorpions,artist
2hlmm7s2ICUX0LVIhVFlZQ,Gunna,artist
6qxpnaukVayrQn6ViNvu9I,BigXthaPlug,artist
1RyvyyTE3xzB2ZywiAwp0i,Future,artist
5f7VJjfbwm532GiveGC0ZK,Lil Baby,artist
0ErzCpIMyLcjPiwT4elrtZ,NLE Choppa,artist
23xFbA9rYgRX8mreqysWPc,BossMan Dlow,artist
3MdXrJWsbVzdn6fe5JYkSQ,Latto,artist
1iwUuIOKYjV7SKIg27v4zi,Real Boston Richey,artist
3TVXtAsR1Inumwj472S9r4,Drake,artist
1K15GRZZATsCJyGJ4bYiEz,Luh Tyler,artist
6icQOAFXDZKsumw3YXyusw,Lil Yachty,artist
699OTQXzgjhIYAHMy9RyPD,Playboi Carti,artist
4Ga1P7PMIsmqEZqhYZQgDo,Lil Tecca,artist
4O15NlyKLIASxsJ0PrXPfz,Lil Uzi Vert,artist
0huGjMyP507tBCARyzSkrv,Cordae,artist
1J1pGfTqp5ReVIX8Z1Wzsg,BabyChiefDoit,artist
45TgXXqMDdF8BkjA83OM7z,Rod Wave,artist
0hCNtLu0JehylgoiP8L4Gh,Nicki Minaj,artist
4xPQFgDA5M2xa0ZGo5iIsv,¥$,artist
5yPzzu25VzEk8qrGTLIrE1,Young Nudy,artist
6AUl0ykLLpvTktob97x9hO,Tee Grizzley,artist
0B3kMiB21aPQlKumGDr4c7,Veeze,artist
50co4Is1HCEo8bhOyUWKpn,Young Thug,artist
4MCBfE4596Uoi2O4DtmEMz,Juice WRLD,artist
3tJoFztHeIJkJWMrx0td2f,Moneybagg Yo,artist
4E2rKHVDssGJm2SCDOMMJB,Doechii,artist
13ubrt8QOOCPljQ2FL1Kca,A$AP Rocky,artist
2LIk90788K0zvyj2JJVwkJ,Jack Harlow,artist
7wlFDEWiM5OoIAt8RSli8b,YoungBoy Never Broke Again,artist
181bsRPaVXVlUKXrxwZfHK,Megan Thee Stallion,artist
6x2LnllRG5uGarZMsD4iO8,Thomas Rhett,artist
6zLBxLdl60ekBLpawtT63I,Cody Johnson,artist
1ZGTSMjK1D2HrpPTOh916U,Josh Ross,artist
4oCk0xbmAtqXZFzXtH3AgF,Redferrin,artist
4NYMUsIcUUsBHbV9DICa5x,Nate Smith,artist
3sUpZrkehiGBaMzs2h9Mmc,Corey Kent,artist
7Iz5t3KpNWPtB2uB2YyeN6,Noah Rinker,artist
7HTLVyjNf0VRxfIgNcfRRH,Chase Matthew,artist
6dhXvR5MsnlwYguRuqoapR,Cameron Whitcomb,artist
4sIl4BTo9l9KqEi0Y3RE72,Carly Pearce,artist
3WHWgx8Dh0IqQT1BMDTeE3,Graham Barham,artist
3BEV5FcxOtkQJ7lLRKMh3V,Tyler Hubbard,artist
0C4gtx1iHMfuaQ73GKWvtZ,Hudson Westbrook,artist
2qwXeRk8VBAegbUnf3xdyi,Ashley Cooke,artist
0EyZDKtc41e4A3a3v69MxD,Muscadine Bloodline,artist
6Ff2omMMZOd8FWNqb980Ol,Waylon Wyatt,artist
1Gh0pCAxpjw0Iq3JMoVAwO,Ty Myers,artist
6QJ5CE7ujPr7oZCURhFZVS,Vincent Mason,artist
4KH3T3jZJtfFtNyfBqwUuu,Madeline Merlo,artist
3444S3C4U9Ts86BnCtSPRV,Treaty Oak Revival,artist
1Cs0zKBU1kc0i8ypK3B9ai,David Guetta,artist
11kt6ggsdxvI8MhyeSMKom,CYRIL,artist
6kbR2eL4hecj3rFwGOsYsI,BL3SS,artist
5wCmhq5J2hPwL2r0eKurxn,cassö,artist
6mDl7lQiLxT0iQ8LYhAlWy,Zerb,artist
73jBynjsVtofjRpdpRAJGk,Dimitri Vegas & Like Mike,artist
21dVknSLCsK37cWozWDZZS,Matt Sassari,artist
1r43wW70tnGUauQYvY5w48,BENNETT,artist
1c3uso4iIeeX3P0bhKaQDq,Jaxomy,artist
39B7ChWwrWDs7zXlsu3MoP,Sonny Fodera,artist
6QMABvTzixnxzsLYyhqRxI,Majestic,artist
2gW0M5fn2r7Lo4Hn1r8HZ5,Creeds,artist
5rGrDvrLOV2VV8SCFVGWlj,Imanbek,artist
2AsusXITU8P25dlRNhcAbG,Gotye,artist
23fqKkggKUBHNkbKtXEls4,Kygo,artist
329e4yvIujISKGKz1BZZbO,Farruko,artist
0NGAZxHanS9e0iNHpR8f2W,Alok,artist
0HxX6imltnNXJyQhu4nsiO,LF SYSTEM,artist
5ENS85nZShljwNgg4wFD7D,Gabry Ponte,artist
5GYaRwCWwhU6SIQrQ5G3b7,Hypaton,artist
2mLA48B366zkELXYx7hcDN,Peggy Gou,artist
7f5Zgnp2spUuuzKplmRkt7,Lost Frequencies,artist
7i9j813KFoSBMldGqlh2Z1,Riton,artist
4mnrcwjD8rgFeOzvXmkcw3,Badger,artist
6cEuCEZu7PAE9ZSzLLc2oQ,R3HAB,artist
6MDME20pz9RveH9rEXvrOM,Clean Bandit,artist
4E0HD2PMY8kQJIjlShrLUS,PAWSA,artist
7CajNmpbOovFoOoasH2HaY,Calvin Harris,artist
2gduEC76ry33RVurAvT05p,Nathan Dawe,artist
2o5jDhtHVPhrJdv3cEQ99Z,Tiësto,artist
6F3vLfyutkUhpM50G84eMt,Endor,artist
37czgDRfGMvgRiUKHvnnhj,Öwnboss,artist
7urnl0uH1w3NCoErxw7AUK,Supermode,artist
6nS5roXSAGhTGr34W6n7Et,Disclosure,artist
205i7E8fNVfojowcQSfK9m,Dom Dolla,artist
1dTEPvUhxpFzL7UMKHWFfZ,Tom Santa,artist
0HHa7ZJZxUQlg5l2mB0N0f,Marlon Hoffstadt,artist
1eUSEIGd3eCEUOeLFgJACg,Jaden Bojsen,artist
3eqjTLE0HfPfh78zjh6TqT,Bruce Springsteen,artist
7xkAwz0bQTGDSbkofyQt3U,Belinda Carlisle,artist
6tbjWDEIzxoDsBA1FuhfPW,Madonna,artist
2wpWOzQE5TpA0dVnh5YD08,Bronski Beat,artist
3fMbdgg4jU18AjLCKBhRSm,Michael Jackson,artist
4bthk9UfsYUYdcFyqxmSUU,Tears For Fears,artist
2jzc5TC5TVFLXQlBNiIUzE,a-ha,artist
0LcJLqbBmaGUft1e9Mm8HV,ABBA,artist
6hN9F0iuULZYWXppob22Aj,Simple Minds,artist
0SD4eZCN4Kr0wQk56hCdh2,Bonnie Tyler,artist
5TnuP42pw475UrjjeabtwZ,The Waterboys,artist
0O0lrN34wrcuBenkqlEDZe,The Psychedelic Furs,artist
0xliTEbFfy5HQHvsTknTkX,Alphaville,artist
0PFtn5NtBbbUNbU9EAmIWF,TOTO,artist
0NKDgy9j66h3DLnN8qu1bB,Eurythmics,artist
6zFYqv1mOsgBRQbae3JJ9e,Billy Joel,artist
6IRouO5mvvfcyxtPDKMYFN,Foreigner,artist
6XpaIBNiVzIetEPCWDvAFP,Whitney Houston,artist
3yY2gUcIsjMr8hjo51PoJ8,The Smiths,artist
77tT1kLj6mCWtFNqiOmP9H,Daryl Hall & John Oates,artist
3Z02hBLubJxuFJfhacLSDc,Bryan Adams,artist
3RGLhK1IP9jnYFH4BRFJBS,The Clash,artist
2QsynagSdAqZj3U9HgDzjD,Bob Marley & The Wailers,artist
47zz7sob9NUcODy0BTDvKx,Sade,artist
6aq8T2RcspxVOGgMrTzjWc,Soft Cell,artist
7oPgCQqMMXEXrNau5vxYZP,Tracy Chapman,artist
79bxUQsBIXO8nVLB9fYKf7,Modern Talking,artist
32vWCbZh0xZ4o9gkz4PsEU,Dolly Parton,artist
51Blml2LZPmy7TTiAg47vQ,U2,artist
5PN2aHIvLEM98XIorsPMhE,Kim Carnes,artist
0f3EsoviYnRKTkmayI3cux,Men At Work,artist
4lxfqrEsLX6N1N4OCSkILp,Phil Collins,artist
3cniTumSiUysiPWXapGx1i,Cutting Crew,artist
2TzHIUhVpeeDxyJPpQfnV3,Katrina & The Waves,artist
1aX2dmV8XoHYCOQRxjPESG,The Human League,artist
2uYWxilOVlUdk4oV9DvwqK,Mitski,artist
7tYKF4w9nC0nq9CsPZTHyP,SZA,artist
3SozjO3Lat463tQICI9LcE,Tyla,artist
4Uc8Dsxct0oMqx0P6i60ea,Conan Gray,artist
1McMsnEElThX1knmY4oliG,Olivia Rodrigo,artist
00FQb4jTyendYWaN8pK0wa,Lana Del Rey,artist
33NVpKoXjItPwUJTMZIOiY,David Kushner,artist
1GmsPCcpKgF9OhlNXjOsbS,Lizzy McAlpine,artist
3l0CmX0FuQjFxr8SK7Vqag,Clairo,artist
6KImCVD70vtIoJWnq6nGn3,Harry Styles,artist
5XKFrudbV4IiuE5WuTPRmT,Stephen Sanchez,artist
1Hsdzj7Dlq2I7tHP7501T4,Niall Horan,artist
1uNFoZAHBGtllmzznpCI3s,Justin Bieber,artist
3MZsBdqDrRTJihTHQrO6Dq,Joji,artist
4dpARuHxo51G3z768sgnrY,Adele,artist
1AgxgADPuRIW1wyaA4OKcB,Tom Rosenthal,artist
4IWBUUAFIplrNtaOHcJPRM,James Arthur,artist
7gW0r5CkdEUMm42w9XpyZO,Laufey,artist
5FxD8fkQZ6KcsSYupDVoSO,Omar Apollo,artist
0ZED1XzwlLHW4ZaG4lOT6m,Julia Michaels,artist
0eDvMgVFoNV3TpwtrVCoTj,Pop Smoke,artist
048LktY5zMnakWq7PTtFrz,CKay,artist
5cj0lLjcoR7YOSnhnX0Po5,Doja Cat,artist
2feDdbD5araYcm6JhFHHw7,Labrinth,artist
0tmwSHipWxN12fsoLcFU3B,Manuel Turizo,artist
1Yj5Xey7kTwvZla8sqdsdE,Cris Mj,artist
6Sbl0NT50roqWvy746MfVf,Gabito Ballesteros,artist
5H1nN1SzW0qNeUEZvuXjAj,Danny Ocean,artist
0elWFr7TW8piilVRYJUe4P,Natanael Cano,artist
0ys2OFYzWYB5hRDLCsBqxt,Fuerza Regida,artist
1TA5sGRlKUJXBN4ZyJuDIX,Blessd,artist
1DxLCyH42yaHKGK3cl5bvG,Maria Becerra,artist
52iwsT98xCoGgiGntTiR7K,Quevedo,artist
1r4hJ1h58CWwUQe3MxPuau,Maluma,artist
4zOhMWD0LoBe2nP7s9cHhX,Joyce Santana,artist
1bAftSH8umNcGZ0uyV7LMg,Duki,artist
7CvTknweLr9feJtRGrpDBy,FloyyMenor,artist
2rmkQLzj0k4nZdQehOUByO,Chino Pacas,artist
7Gi6gjaWy3DxyilpF1a8Is,Junior H,artist
0T8Ix53aIN4F7aEKj4EnKy,Jasiel Nuñez,artist
5eumcnUkdmGvkvcsx1WFNG,Tito Double P,artist
0EmeFodog0BfCgMzAIvKQp,Shakira,artist
6B1hSmaLdOvChinK2Z7gfi,Maisak,artist
6XkjpgcEsYab502Vr1bBeW,Grupo Frontera,artist
66ihevNkSYNzRAl44dx6jJ,Carin Leon,artist
1b7AEdUSudOQoZF5ebUxCL,HUMBE,artist
5xS8cfsAaFyy188dNJGDbM,Ela Taubert,artist
3UTF2no3muGdiFXVujl94i,Kapo,artist
78F6Xkd46aMHkr4AP60TXY,Clarent,artist
6GKbEjuVNKuuAKetDXA2Mi,Key-Key,artist
6XTGKOV9jceQ6f67lnhpbF,LATIN MAFIA,artist
5MraexJKZDrQYzS98kNwie,Sevdaliza,artist
4RWJOoYwgF978LOn8Fainp,Yami Safdie,artist
0NlNru2YcUz6RbnpYGQz26,Clave Especial,artist
7a0XAaPaK2aDSqa8p3QnC7,Beéle,artist
5uwa6tAMMfNbBFIHiI6NV4,W Sound,artist
6dLuQ5qXxIuWc5urxfIiZR,Calle 24,artist
4QFG9KrGWEbr6hNA58CAqE,Alemán,artist
1bfl0AU8SqmLkElptOprhC,Julión Álvarez y su Norteño Banda,artist
5LeiVcEnsZcwc133TUhJNW,Belinda,artist
0AqlFI0tz2DsEoJlKSIiT9,Emilia,artist
0LyfQWJT6nXafLPZqxe9Of,Various Artists,author
3luuQQRuSBuDNnrkYvatnk,Sam Gendel,author
3ftN8nO5MIeLwrkAympIWv,Dav Pilkey,author
2ziB7fzrXBoh1HUPS6sVFn,Audioslave,author
4QNqXfa129rAppgBSQY4bq,Geminelle,author
1yYOdNoOE03lCh6qo472CK,Tui T. Sutherland,author
265dL01J7GmZr7b4NCX0rC,Audiobooks for Children,author
4kquvjidM5JRC4pL1lf4kP,Audiobooking,author
4ETMsetpRLU7tdXcuM0jzW,Adult Books,author
7IfIvQt7HkBJpKBoq69zJW,Desy,author
1YvLqwm8xl6ENUT3KK6XMj,audiobooks,author
7zHhscQ9kdR9fNGAffWz6z,Blue Man Group,author
0e5ALSAXGCmB8cer3wHfcF,gutshop lilium,author
4LSm60HKKLVKjECxVOT44W,Various Authors,author
1z62AwMt4AQKg9HoxgGgbV,Jennifer A. Nielsen,author
3XIkIY3dMwQuigJ25T9TP2,Danvis Carper,author
3m2A3FeOy9jUUqeZutA0pe,Jane Austen & Wendy Ellison Mullen,author
5HQCjB5Ij2yhUo141Ih1s7,Maggie Stiefvater,author
17AqIWNgsb6FXs8mGkHNu3,Sivvucha,author
5p3he9DObPlyFw4iwatApa,K.C Brown,author
4PiPCef8wM0O4QK1dz02v0,Sleeping Beauty,author
4IlROX5ZbH2wV3mM2KVQ4S,The Frog Prince,author
1YYXyn4etM5oe9RnJe3Mvg,Albert Cummings,author
2vl54o3uaEiOGM6OXpBW8V,Chagdud Khadro,author
1j6QvnMDi9cVLTZLDcAYfp,Walter Morciglio,author
5eVoGHjBlD2E3OWOyAtPS4,Michael C. Lewis,author
6hqAwhkcucpk6GZW7OLwHK,Robin Nixon,author
1ssflsrG30A9iV5OhG8ctS,Sarah Mlynowski,author
7kjPJBXZADaxAyaXdBuhFl,Vinícius Léscio,author
5uh0sOdYjYSqXqSQqLA5cT,Casper Mcfadden,author
1vFUd3tlFkPVX6hYGydaL3,Jones Reading Company,author
4xWMewm6CYMstu0sPgd9jJ,Favorite Kids Stories,author
2XsdZSk7L0w8h4XPnkEPzF,MMCris,author
32l2cWGDfGIqFPxUAogD5l,Lauren Henderson,author
1Z16kzyhZAsOzA9pIQQm00,Cosi,author
0MhdyczJ1QbqrPAkG7rIAz,Tatan Arif Budiman,author
17wNBDPLkNYdnmAKwiwbih,Joseph Tawadros,author
4wEO31gJDgv8yBBPRQLHuP,Alan Gratz,author
4pa9r05W0vQ8lQ52ZCJDy2,Man of No Ego,author
3cafXZGy8lVX2LJt7wdKVd,Hunter G K Thompson,author
6lDMnnTEK1yYuJYe1s6Hrm,T-Rip,author
7FKTg75ADVMZgY3P9ZMRtH,flipturn,author
76LzYkkoXtyuPLHgaFJYPN,Ela Original,author
75z2OnaFQLouUxJjoIxSit,Brandon Mull,author
6HyT9nfsNKEtu76UKQBD5g,Abigail Lapell,author
3nXfke4LZGEEPxSYhiAb5a,Sandra Silvério,author
6RNBf8tXuGsecRnvGhKAxy,Fundacja 12 Godzin,author
5Ei1weXWr0AIdVjtDJ1JwH,Stephen Sloan,author
71FROC31sr9kUKaraTg7xq,Philip Reeve,author
4hNmwf91a3NmviwCUYRzhA,Dalex,author
3AoFRPmkjP1WTi2Zu7gbZV,Jennette McCurdy,author
0kYJKqZk5I4KTIF6ugRU0T,4th Quarter Entertainment,author
74KXWBUPiSMVPk9yySE7FG,Skaem,author
3D2wkaXTCdkvffNbWZM01R,R.W. Hampton,author
0AGYqur7KNfaJwyzMvIuRz,DBS Audiobooks,author
7azO8ieqy1sOm6LkfHtH9w,Darrin Bradbury,author
65jPNbAL1TNmmkUGUePGPC,Norman Bridwell,author
7AAhp99Ycjvb5SIKFHoVIl,English Audiobooks,author
7fh471RcOPljEQFmUeWAA3,Graham Greene,author
1xy3eGSB05BdpyVD8dYfah,P.T. Hylton,author
6iZfAKkGaPDqFE6ocJOMjB,Sam Kusi,author
71U1Zm71N7v9TRVXhPVrtg,Sherlock Holmes Audiobooks,author
7sBx432MZn1MzHeYHAA5qr,Scott Hamilton,author
63JXuvboeORZFlNVoivVLT,Tales Under the Oak,author
2Xjmx8dJU31ME3nQonVgu4,Scott Cawthon,author
5U6ykvWf4wGT0hY3r4F6rY,Portia MacIntosh,author
3zsttIGNfvKNQat8BsybZ0,Margaret Peterson Haddix,author
3KowkYY3lvvb4Tk342GXQ5,Tree Theater,author
1FSWXfsYsosTxjcV9WoLax,Audiobooks,author
6pcPyOpEwaoP9q7wOjqHx0,Edgar Allan Poe,author
4Uqfucw3u4jrdZMp5w0JuV,Audii,author
2EhjNnQaBUDsDyd15Tvukh,R.L. Stine,author
3dwkO7z23scCJppeqHGTy3,Steven Goldmund,author
6pQTo2RqeZUyVKImwwAMRP,Audio Book,author
75FGFfsOBfmgNBFQmJnPG8,David McNeill,author
4lY9Y8O18QzWjilWNqeGBZ,Jude Watson,author
0WtVFZkliXd6zJuL0zu3xf,Carl Sagan,author
6xGQfxjrotduluRMprwLx7,Tyler Touché,author
1ph6inW1HWQbwPSzoD1y0e,Gabriel Kahane,author
0749Cy9loVNS08bSZkGwFT,Robert E. Howard,author
5cxV084UfLt9DddLqgf6C1,Molly Pershin Raynor,author
4fYgWQ0nBon6cx3Whd0Sjt,Meg Cabot,author
5uCOXrcEMR8jGgfV3S7UYF,Dian Novita Sari,author
0Y8nsWZVOCafPcFMO02AXL,Marilee G. Adams Ph.D.,author
0I0gAWEHrJyeshHr57W8Vi,Annexias,author
3GVZV46bC9bktJflRALaaW,Adam Kahane,author
3VUG6AImVcmFUOaB2R22UV,Bruno Voigt,author
3QWfvHfgKRfPoVuDTkomGM,Gerald Haddon,author
5nYfBUxnHtI6LAp32fl9qY,Netherfriends,author
4NfvvB32qp3QEnzwXUM96W,Anthony Fung,author
7BkZ0lBEg2e74p3lJgdu6D,Brian Justin Crum,author
0vchMCddZIzxthjunGYLmY,Hernan Ergueta,author
7u1eSmT9Bx74kDt9bWI6d4,Bauer Audio Books,author
7dSxM36C0gAgbItwlvqIf2,Dennis Oldyatha Pradana,author
4lWl4G5wgAH9i3GwumUDkB,"Martin Luther King, Jr.",author
1PT0tURacA1nzn6aaIZMkO,Candra Nuryahya,author
6xelWMfSABOB4XsFd73l9h,Alfonsus Dirgantara,author
7Hcpb3v0qhLHMXOIH82o2s,alan hewitt,author
3h4pP13LRuJFc4K3wqBiQt,Galaxy Squires,author
5TiBYM1mNE5RHcVJ7pMdYH,Matt Komo,author
4GsShzXmVkm1hOx0cHWE96,Audiobooksmith,author
2StbWlscZkFloSCVbhYZef,Audioboy,author
2DqhZSxHvwAhnGyjWbXqZN,The Brave Little Tailor,author
52rHTr8nAtpipVUHvjrMzI,Fairy Tales For Kids Loulou and Lou,author
2nqolVOExWl2Eh8ENJMuIW,Tedd Arnold,author
1Cp3HVlcPYXnWVbyX3l6dU,Audiobooks Inc.,author
7dA1iCmsPBy5eqkSZBwSMp,Gordon Korman,author
1mAZuRxncE9DLiAghJ4ieu,The Jane Austen Argument,author
7ydQLx58HmthUQjB8Lkht6,Audiobooks For kids Loulou and Lou,author
75x4DaOzCIcgd4aIfURiRL,J.D. Wilkes,author
2rvJXYj8Y9cQL86CEUb5zO,H.G. Wells,author
335TWGWGFan4vaacJzSiU8,A. G. Cook,author
6LGOVeBOHeykhD7OPIIKsq,Global Publishers Canada Inc. & Ismael Navarro,author
6MxR3Hjf2uTSew9wmKbOwO,C.S. Armstrong,author
7jPpEPDLfMGPLzikGoy05O,The King of the Cats,author
3GeWutjuNRg9uRqiIejRT9,Emily A. Sprague,author
